filename,processing_time,snr_before,snr_after,rmse
0052503c-2849-4f41-ab51-db382103690c.wav,0.16137385368347168,inf,nan,15.145661317817902
006c6dd6-d91e-419c-9836-c3f320da4f25.wav,0.14966392517089844,inf,nan,22.13046424630106
00d4f842-fc92-45f5-8cae-3effdc2245f5.wav,0.14656782150268555,inf,nan,21.095954012317318
00dc461c-a60a-4d74-bf87-de4208f224ee.wav,0.14568233489990234,inf,nan,20.587042428415934
0161dc01-ec36-4fe7-bbbc-1801586d28f7.wav,0.1474900245666504,inf,nan,5.873921928226153
01671c57-4584-40cd-998d-c49b211e386c.wav,0.13888239860534668,inf,nan,22.61234015340798
01f5f49e-287d-4734-be3a-863c10c0cf2e.wav,0.14702367782592773,inf,nan,10.717952924425944
02365fe0-4e01-4e82-a9c8-ab97389f2217.wav,0.1517026424407959,inf,nan,15.166896632273657
028a8e19-3e49-4fc0-a5df-5055bb98f1c7.wav,0.17426228523254395,inf,nan,14.513353440374981
02d7e5f2-e647-462f-883d-a0cb1daa5503.wav,0.15311050415039062,inf,nan,16.264802124405797
02fe1fea-4f23-4b10-ad93-903ebdf081d1.wav,0.14499449729919434,inf,16.88404678926589,nan
030ac074-4f10-4260-b41c-253cf3bc88e0.wav,0.12719154357910156,inf,nan,21.310702509042336
032a5ecb-f35c-4af5-964c-8f42cbcd9a41.wav,0.1273484230041504,inf,nan,30.937416060310092
036b3893-f89c-4010-85b0-7e8089326d45.wav,0.14546728134155273,inf,18.337662383806506,nan
03e83b0d-9940-4388-9310-bf11d90e474d.wav,0.14327335357666016,inf,nan,18.693298344356457
03f3c8e1-df39-4f6e-906f-ba2c6b28e2b8.wav,0.14716649055480957,inf,7.872818872004,nan
04104401-4523-4f80-8976-056cd3ee661c.wav,0.14435124397277832,inf,nan,31.429936899279593
04154ce4-b699-4a1d-a4fb-7068e07c00fa.wav,0.14165496826171875,inf,nan,14.457064061786769
0458e9fc-6403-427e-afec-6a659104399a.wav,0.13517045974731445,inf,nan,18.9350696030905
048c9205-bada-4bed-b466-30cca0ac5a59.wav,0.1420423984527588,inf,nan,24.926406027552545
04d1c648-49c6-4b33-b290-3f829b9bf4f9.wav,0.11690068244934082,inf,nan,12.356587627398705
051eee27-45b5-4bbe-812e-85e046ba043a.wav,0.1417393684387207,inf,nan,11.010015312761972
055f3d08-6691-4eb8-8612-4140f654426f.wav,0.12757158279418945,inf,nan,21.781977580021156
05fd1660-eee0-45cc-a924-9d58921190ff.wav,0.12729334831237793,inf,nan,13.545006806540744
06469380-cf24-4288-80bd-f78b9499ef3f.wav,0.13048458099365234,inf,nan,15.771804757128942
06bcf5af-fb5a-40a1-bf82-2499d8478c28.wav,0.11515545845031738,inf,7.630817521568607,nan
06f283af-9867-4aa7-b97c-a60c6f795d17.wav,0.14120173454284668,inf,nan,12.39656630424394
0765ff8f-98a1-4367-b846-3dd0a07a1176.wav,0.12685632705688477,inf,8.61686009799516,nan
07c990a2-7775-428b-ad4b-3cf4a233d5f6.wav,0.12166428565979004,inf,nan,5.041385194119033
0847e903-ffad-4196-86c3-298e0719e4fa.wav,0.14138531684875488,inf,nan,13.589439236534794
08d069d4-366c-41aa-946b-eaa3eb8f9565.wav,0.1276867389678955,inf,nan,23.996439960974648
08e1153c-1675-40f3-864d-5e93eb4c2134.wav,0.1270601749420166,inf,nan,11.679896271271028
09b22add-5314-4416-8cca-b1744d8944b7.wav,0.12797307968139648,inf,nan,19.40065280552818
0ab237b7-fb12-4687-afed-8d1e2070d621.wav,0.12517499923706055,inf,nan,15.928829225343941
0aefe960-43fd-41cc-97c8-bf9d2d64efd3.wav,0.12674570083618164,inf,nan,22.218230191135603
0b049a37-dc68-42f6-bbe5-d7d1cd699ccb.wav,0.12722182273864746,inf,nan,13.124805089254208
0b4adf65-d666-4fa4-971f-6e7ed630d7fb.wav,0.1275324821472168,inf,nan,37.22274643230432
0befa6a5-0c9b-44c6-93b8-eb6678045480.wav,0.13361310958862305,inf,nan,14.171434565999524
0c3f4ca2-459d-4643-9b7b-a2c7ec378172.wav,0.12629365921020508,inf,nan,13.695682086015918
0cc70045-605a-429f-90f3-a78b12f071a3.wav,0.12766623497009277,inf,nan,nan
0d08cc99-4ea4-4728-a3c3-6ba5631ee6f9.wav,0.13770079612731934,inf,nan,7.729824370386888
0d4d9e06-e93c-4bb9-9ac0-517084f7ab18.wav,0.1363525390625,inf,nan,4.520796294369783
0d7c2b8b-8ae4-4288-9720-8402d737c1b5.wav,0.12734484672546387,inf,nan,10.584914935688913
0e483848-ab61-4155-9a13-ed7668b2b956.wav,0.12717175483703613,inf,nan,33.49713218266719
0e6689fb-4020-4972-8c33-d563b0ed4690.wav,0.11625242233276367,inf,nan,11.809980275221108
0eab843a-5e03-469a-aafc-6d5d3af44714.wav,0.1505429744720459,inf,nan,10.109094989693256
0ecaa518-44bb-472e-af0f-372321b2f05f.wav,0.13018107414245605,inf,nan,25.56555480496437
0f5c8792-c7d4-4bb2-a750-89c9872abf50.wav,0.12451601028442383,inf,nan,19.456927458634148
0fd63cb0-52db-4247-b9bb-eb511d0094d0.wav,0.1331474781036377,inf,nan,16.061298690791354
0ff32e7e-47c6-44b4-821a-6ba3f5c6c00b.wav,0.1309494972229004,inf,nan,19.126300490253712
102b47d9-371e-412a-8995-0dc6115ab2bb.wav,0.12709879875183105,inf,nan,24.51624155040592
117d7c23-4a4f-40b9-83e4-b5cd26ba6e97.wav,0.13484907150268555,inf,nan,16.379099916947425
11b6e1f9-70f4-41ec-9a22-d80b9d5894a2.wav,0.12357592582702637,inf,nan,15.698982940482708
1243dd43-3312-4b5b-8bcb-d998c4da2241.wav,0.13211393356323242,inf,nan,10.906869402637513
12445e49-2df0-4f57-80c0-10f2e2fef961.wav,0.12742090225219727,inf,nan,6.9773386124104535
14ec91ca-9d79-448e-a760-7ccbd2099820.wav,0.12708616256713867,inf,nan,10.640688393195784
16ade36e-d993-4d65-8cfd-c5d94ceef5d3.wav,0.11372613906860352,inf,nan,18.90925252491405
16c6d8eb-d79e-4f4e-954a-f2f1c4110264.wav,0.1303882598876953,inf,nan,18.74742308363116
16fb787d-3d09-46fc-9560-ff82641112d2.wav,0.12650465965270996,inf,21.223860705125922,nan
16fdea36-87b8-40a9-8d95-6ccf790837a1.wav,0.13233542442321777,inf,nan,27.623461002690703
172741e6-a29e-45d4-81d0-e45d525fdeec.wav,0.1260213851928711,inf,nan,2.222038778883538
174a80d5-dc29-4068-8108-39404d24a6fb.wav,0.12691640853881836,inf,nan,17.30749931339178
178943a5-c3b3-48f6-9da6-c4b8047c6bf2.wav,0.12664341926574707,inf,nan,15.930847545922923
17a7fd51-57f1-4948-988c-69ba8d4bf24b.wav,0.12844443321228027,inf,nan,6.455358540490473
17dddbf0-b621-49e0-adaa-85cefd4a9478.wav,0.14275670051574707,inf,nan,12.966397441035186
184d8ddc-e6ea-46df-abe6-193f03d94e5e.wav,0.12801527976989746,inf,nan,19.410470991878768
18938028-59c1-401f-9aca-ae836d963335.wav,0.12629389762878418,inf,nan,8.131260428122404
189fd9b7-d128-4d50-8448-e7d9a019c4f2.wav,0.12766695022583008,inf,nan,21.39657872909814
18bd387e-7dbb-45e1-98f7-a0fa5b980d61.wav,0.126603364944458,inf,nan,6.000054008742666
199d55be-23a8-4230-90ef-36673a23a3bf.wav,0.12903046607971191,inf,nan,24.111734611387647
1a971a8c-cb8d-48ef-aad2-f7258947726c.wav,0.12119007110595703,inf,nan,22.13223005726464
1b517404-93f9-409f-9dca-18ff2e6d9885.wav,0.1315159797668457,inf,nan,19.21548028045856
1b7285f1-2768-4979-93c1-045bb6236611.wav,0.12548232078552246,inf,nan,26.101428282159915
1c276f5f-44f9-4ef4-843c-972e4c0c1ee3.wav,0.1270158290863037,inf,nan,29.597880212268826
1c286f7b-612f-4883-934a-186859617a04.wav,0.1345353126525879,inf,nan,5.736730937936969
1c37fd0e-1c6b-4d84-9108-1adbf8ae3f91.wav,0.13457226753234863,inf,nan,1.6796019346792508
1c6bf8b8-7bef-439d-ab17-cd338288e977.wav,0.1263277530670166,inf,nan,23.230688400034712
1cd57a9e-f016-41c9-9b19-7e1326454de7.wav,0.12763285636901855,inf,nan,8.412956589528521
1cf09880-83f7-4558-9a18-2b843408d622.wav,0.1248939037322998,inf,nan,24.51006814433414
1d21e7b7-5eb9-42b0-a576-d6dff31c001c.wav,0.13092947006225586,inf,nan,12.591656649544348
1db81462-4597-4cee-846b-b5cc0940bcf9.wav,0.12626910209655762,inf,nan,16.342590893459835
1dfc692a-71e4-4240-a804-4ccd9d1357e1.wav,0.1266486644744873,inf,12.33786692784555,nan
1e71f8d8-bae0-4970-929a-58e77df87103.wav,0.12809109687805176,inf,nan,13.851032866590025
1fb45d27-5f79-4e5f-9b4f-11adf77bd495.wav,0.12782692909240723,inf,nan,8.361958323742734
20093702-4470-4eb8-94ed-1ef923726ba1.wav,0.14340734481811523,inf,nan,13.396168057058082
20203eb1-e45d-41c3-bba2-708c96f143bb.wav,0.12705445289611816,inf,nan,12.622680011466596
20824c82-39cf-47f1-a71a-9d61e0f3601a.wav,0.128495454788208,inf,nan,37.61453507661367
209648c9-c6c6-4b87-b44b-20b29744da99.wav,0.11687016487121582,inf,17.813714877339017,nan
212cc3ec-d36c-4437-accb-e75b03ea5849.wav,0.12576508522033691,inf,nan,14.182814284527275
2140cbd0-ee0b-4566-9bad-f100b5b7f6b8.wav,0.12688422203063965,inf,nan,8.120271116573985
214224f7-01e9-4b3a-9e12-55fc5706ea41.wav,0.12992572784423828,inf,nan,20.545586186638985
218db45e-3818-469d-8eeb-4c35e39f63c1.wav,0.12618494033813477,inf,nan,24.559662586651193
21971bfe-11e5-4b1b-a213-2d963f41a30a.wav,0.12720417976379395,inf,nan,25.843860622854177
21b7260c-4054-4a67-983c-bb8c3c98fc98.wav,0.12799429893493652,inf,nan,30.504205035088113
21d49517-5a31-43d1-bb5f-433b2951b7d1.wav,0.12433671951293945,inf,nan,16.216898286961364
227ddafb-452b-4255-8ace-433872cac40b.wav,0.12615180015563965,inf,nan,15.642518246386908
234d006b-0101-4228-95a4-7540525d2ebc.wav,0.12662553787231445,inf,nan,24.259561459036238
23b3073f-3fa5-481a-a950-27df33e4d878.wav,0.12641668319702148,inf,nan,14.9094607812044
23d11475-3e3d-446f-9fdb-58c7ea7c8166.wav,0.13497614860534668,inf,nan,13.154875963952104
23f0c651-a0db-4f7a-89f4-acd2c35e04dc.wav,0.1282200813293457,inf,nan,10.200694414601669
24104b38-32fb-486a-a0a9-a964d6699b9d.wav,0.125260591506958,inf,nan,31.568562472039606
242413fd-ddff-4a06-9b36-a373566e6e45.wav,0.12706375122070312,inf,nan,23.717701869179557
2458a5be-c274-4fd3-82f6-4617caeaeb14.wav,0.14055728912353516,inf,18.018284017266982,nan
2458b656-86a4-41d8-92c3-4c7c59ad5785.wav,0.12700223922729492,inf,nan,22.74347113921675
24bc203a-0fe0-4b44-8c9b-982404799344.wav,0.12723445892333984,inf,nan,25.047073313032424
254000d9-9fd8-43a0-a561-c81a6feee649.wav,0.12650060653686523,inf,nan,12.304949902929561
25ad5045-179a-4b20-a0a6-9d3ab35c476c.wav,0.1326456069946289,inf,8.903664136824824,nan
25c532c4-1494-47a4-901e-5fcea3492038.wav,0.13047337532043457,inf,nan,16.14652017176097
25f747d9-8619-4bac-9cdf-2e6979ae338b.wav,0.12755823135375977,inf,nan,23.176231702773
25f79305-22a6-49f2-8c9b-0a0e9ef5d539.wav,0.13643908500671387,inf,nan,12.553689081259739
26205e98-f416-4cf4-81c3-adcb646fffb8.wav,0.13555288314819336,inf,12.148176307426988,nan
26b2ca81-4399-4fa9-80e0-7fbb3988d784.wav,0.11978626251220703,inf,nan,13.193958315418826
2764192e-4ba8-49c1-848f-608b6d7c642d.wav,0.127701997756958,inf,nan,10.958030931719287
28cd0f1e-bc90-46ac-8f09-56fe0a7a7937.wav,0.14604568481445312,inf,nan,17.09385836855551
2908e5a8-7668-43ed-a5be-caa2822f52ba.wav,0.1313340663909912,inf,nan,8.630183267475418
29624bf2-8cf6-404f-934f-7824ec420544.wav,0.13848543167114258,inf,nan,1.7390168896538767
2985450f-b117-4a49-adb1-73a7a0118505.wav,0.1261293888092041,inf,nan,13.176937315337883
2a42a79d-af6e-4d60-bf4f-672e99dd90d8.wav,0.1462709903717041,inf,nan,17.636620950443533
2a661247-dfa0-42b2-9d0a-a5925ac8735a.wav,0.1311345100402832,inf,nan,6.873337016165508
2b1627e1-85a5-4155-ba52-4400e036b034.wav,0.1260693073272705,inf,nan,11.299788646308292
2b3fa930-47b0-4358-8971-3dcd9c8fd0c1.wav,0.14226293563842773,inf,nan,nan
2b883101-d7fc-482d-8566-8a61f7338ab3.wav,0.14821624755859375,inf,nan,29.323409553629368
2c64a381-8d2c-416c-bc75-ed47ec9eeba3.wav,0.13252925872802734,inf,nan,7.182050834049596
2c96ae4e-9d50-4d68-8756-a27bfe524812.wav,0.15089845657348633,inf,nan,7.717236305730654
2d8b941a-3ff9-41eb-917c-10fa16ebffee.wav,0.14075922966003418,inf,nan,19.427158728881626
2d910bad-e8ae-4ef5-a080-bf7efde42adf.wav,0.12339401245117188,inf,10.733737507481809,nan
2dab120f-5bc3-4c75-b49f-2a28fbd3a05a.wav,0.13718247413635254,inf,12.335949410074731,nan
2daf7e7e-c634-4fa8-9c13-3b47e055ad48.wav,0.12080955505371094,inf,nan,21.9982082372721
2e2725e5-c7ef-4ef7-9ec0-d24944e6d1d8.wav,0.132171630859375,inf,nan,16.145887867078347
2ed39ebf-8977-446b-a8c8-3e66bd4d4580.wav,0.12571358680725098,inf,nan,19.958954059293518
2eef5d4d-93d1-4c0e-9d23-0989abaa34d0.wav,0.1376957893371582,inf,nan,14.91882255737751
30179ac2-f5a7-436e-8393-651dcf8a5d7b.wav,0.12963366508483887,inf,8.22466841601381,nan
30dee5fe-ded7-4978-9480-e40155e7b060.wav,0.11498141288757324,inf,nan,17.56328785016817
312b2c93-0838-412d-b408-63c9cf74adf9.wav,0.1391608715057373,inf,nan,19.214838942168708
3179ab62-2b34-456b-91b5-d9a99d4c78e8.wav,0.11675739288330078,inf,nan,21.910156614419787
31827810-e5d6-4647-8d72-8d0fe63ce83e.wav,0.1263577938079834,inf,nan,26.100527937187028
3191b268-0a7a-46d5-a801-0da511379469.wav,0.13375115394592285,inf,nan,15.375041466918324
31df8ceb-a246-4e1c-a979-c871494e103c.wav,0.12624430656433105,inf,nan,18.622157367165972
31fe1b06-79fa-41b2-9715-c4224d48fee8.wav,0.12715888023376465,inf,nan,23.828477154282773
333f3c44-f06e-439b-b6d4-3f33272b6e00.wav,0.13879966735839844,inf,nan,14.053192140746313
33a9bb59-ce20-4ed9-89ac-7946b67d92a8.wav,0.13174724578857422,inf,nan,19.696793188105428
340b913e-7e0f-4f23-a5ae-1af2ca3f3e1e.wav,0.12638115882873535,inf,6.451747778747699,nan
341618b8-0266-4e52-82eb-600096c3023c.wav,0.1274569034576416,inf,nan,22.371841810920856
34ae1187-4f68-4844-a157-a4693c16177d.wav,0.11866569519042969,inf,nan,24.20439500894916
34b4f683-c0d2-4c56-8ddd-9b9a9f0a0d79.wav,0.11265993118286133,inf,nan,10.813972500240427
35c16396-67a4-4fba-bde1-5f8722b12ddd.wav,0.14249110221862793,inf,nan,29.059281728752552
35e87469-6cc3-433d-bd79-0edc1d4810a5.wav,0.1275947093963623,inf,nan,15.29748072375326
3688abd7-707b-4379-8dec-ccc0b42159d6.wav,0.13051462173461914,inf,nan,9.02960658848976
3745a64f-9be1-41fb-975d-9c7c2baa0947.wav,0.11360645294189453,inf,nan,26.37714538717728
37866662-764a-45d4-b3cf-d88efa70e5b3.wav,0.13590717315673828,inf,nan,22.0370908284511
379784b2-8501-48c1-ae9c-9e0262e125b0.wav,0.12635302543640137,inf,nan,11.412719761645576
37a896d0-6e9c-49cc-9eac-c203ed068617.wav,0.13438940048217773,inf,nan,11.856575107810475
37cee1c9-1b71-4e99-9315-5f38e99e1485.wav,0.12912631034851074,inf,nan,23.95622832051123
38007d3b-bf50-4e44-98f8-3c1afbfaf868.wav,0.12768197059631348,inf,nan,19.859962361999983
3830d316-1af4-4496-be1a-553298450516.wav,0.13306498527526855,inf,nan,12.535883847920537
3839f1aa-ccfc-4bff-afc5-0ed674403a66.wav,0.1274404525756836,inf,nan,11.08642528970647
383e5327-6c55-4265-a30e-059837163598.wav,0.12672019004821777,inf,nan,18.82976665343964
3864cbab-5e6d-40b1-bb5e-c130319c36a5.wav,0.12698030471801758,inf,nan,10.37182645482825
388f0aab-1b82-4efa-83fd-a1f9d7440f70.wav,0.1274394989013672,inf,nan,26.68125800873252
38fd9c77-fb75-4cd5-8f1b-c4ff26b86b28.wav,0.1284172534942627,inf,nan,16.652410767327087
3952aa1a-7eac-483b-8203-5f857bf9af10.wav,0.125962495803833,inf,nan,24.700182715012136
3953a230-d130-40e9-9dc4-068dda9bcef1.wav,0.1378469467163086,inf,16.07050226105253,nan
3960fcd4-393c-47c3-8935-892c1b0da34d.wav,0.1157228946685791,inf,nan,33.886551285091876
39bb8054-e70c-48df-8b97-bda6f2c891e6.wav,0.13536381721496582,inf,nan,14.275527665689005
39c865d0-a49f-4805-a993-32deb82d6c88.wav,0.12726283073425293,inf,nan,4.847364751156207
3a791210-ecd6-40bd-8db1-c4b2e45d8669.wav,0.1271195411682129,inf,nan,13.760584667513928
3ac7abb5-1e3e-4852-bfc8-e3f2875b765d.wav,0.13840174674987793,inf,nan,19.689794860160422
3b20945b-04aa-4983-847d-608f9ee78679.wav,0.12816500663757324,inf,nan,5.949092574101577
3b4cb9f3-4bf6-4e2e-a51e-8dae198dba3f.wav,0.1287086009979248,inf,21.44571803747246,nan
3b66780e-d642-4e53-9a6f-85864ffb1aca.wav,0.12712407112121582,inf,nan,15.118324446019939
3c1ab183-52ac-42fd-8cd1-6b2456ee6280.wav,0.12688279151916504,inf,nan,20.461248355616256
3ca76236-cd0a-4745-a7b7-9274a70168e7.wav,0.13740801811218262,inf,nan,13.440849094569202
3d46b865-fbc1-4052-b9f1-68f55ce9d187.wav,0.11768531799316406,inf,24.42167439488479,nan
3daf2025-0d64-4e57-b27c-0f922bbcea9c.wav,0.139540433883667,inf,nan,17.917667382656838
3e2b974a-3e13-48f3-b2f7-40a0c18c838f.wav,0.12750768661499023,inf,nan,20.6976108493934
3eea00c0-8df7-41cd-9bfb-c27d42156021.wav,0.12973880767822266,inf,nan,18.06661718049511
3f203ef0-d1e3-4a88-859e-40b37287000a.wav,0.1152200698852539,inf,nan,24.122471682961343
3fd3d38c-15e5-4206-86f3-62fe49ef323d.wav,0.1408977508544922,inf,nan,8.358924230766933
40113ce6-baad-42dc-ba65-2203f5a8bf60.wav,0.13016390800476074,inf,nan,1.9150613179096418
4036d06b-fc56-47ca-8a2f-d7e1c3f3d9a0.wav,0.12731289863586426,inf,nan,17.021632647125895
40b8ccac-db4f-4aee-a21e-5eb767c9b9a8.wav,0.13033318519592285,inf,nan,23.604307244704962
414b9d5a-df01-49ea-a0f0-5cc297041bb9.wav,0.1273360252380371,inf,nan,8.706905367805973
416c2b86-8d23-4d46-9fc8-12c736bca08e.wav,0.12558794021606445,inf,nan,6.356127862498498
4281bfb9-ee31-49a7-8e1f-393b469b1a6c.wav,0.13003969192504883,inf,nan,22.869144732483235
429f76f3-c417-457b-828a-a7915f60e0e7.wav,0.1315016746520996,inf,nan,19.333884142232975
42b04847-a231-4e4f-adc8-506e6f7e30ad.wav,0.13119935989379883,inf,nan,17.103065760400092
43619ffb-79ef-4d60-aaa7-928b2a143e51.wav,0.13462471961975098,inf,nan,20.29788267478265
4370417a-1d30-4779-8b22-bbe5ca83db3b.wav,0.13478827476501465,inf,nan,6.633990925575638
43758ea3-e5d2-4636-ad9c-ff5bfaa2914a.wav,0.13039278984069824,inf,nan,14.041237933861062
43db69f8-b371-4b24-80e4-bff210ece512.wav,0.12850713729858398,inf,nan,11.752387431352254
443ae2ae-ce86-4a10-aba1-bc0bb51b39f3.wav,0.1262054443359375,inf,18.19289539020111,nan
44a67074-6d06-4087-9ec3-a5de75016aa8.wav,0.12548470497131348,inf,nan,21.063261384282768
45988954-c1c3-45e4-911e-764fcab61a07.wav,0.13729000091552734,inf,nan,8.694571801125349
460915c7-7a07-4feb-909f-e7bb1e4806c0.wav,0.12122917175292969,inf,nan,7.650600408402702
4630b95e-f8d9-4842-b088-ccde4d2509eb.wav,0.13512921333312988,inf,12.902597647476348,nan
46734a59-efbb-499b-b6cf-b41db37c9186.wav,0.12715792655944824,inf,nan,16.506110389918536
47bcd211-fdd3-4b3d-81bb-72595dac9dc2.wav,0.129103422164917,inf,nan,20.242193468349345
4876213e-ca0c-4b88-9016-800da79fd8f9.wav,0.12717723846435547,inf,nan,13.747293724049047
48dcc020-52eb-400b-8175-e8fe9a55d7ad.wav,0.12991738319396973,inf,nan,24.352294009744544
4908392f-0e5b-41b7-9e1e-ccc9d6a60381.wav,0.13024091720581055,inf,nan,13.104522256831155
497c142c-fa79-4261-95a6-447a1c8eab31.wav,0.12760257720947266,inf,20.932330728055383,nan
49c14ec7-9402-4d5a-898c-e133fe1719a0.wav,0.12938618659973145,inf,nan,21.996427521868117
4a0bf089-ab79-43e0-9a3d-caa48ad8b0af.wav,0.1370553970336914,inf,nan,20.43429154910032
4aa5c35c-b298-428d-8918-7ab8f48b0493.wav,0.12827157974243164,inf,nan,10.780602730199154
4ae27b8a-9a74-4c7e-97b6-aaf8d70c2c92.wav,0.12973260879516602,inf,9.437542880800581,nan
4b3f685d-1f25-4004-9457-c992d2ffa647.wav,0.1264641284942627,inf,nan,34.67565785891863
4b914037-3c4a-4b7f-b680-a3e642e52389.wav,0.12386417388916016,inf,nan,9.966768244023141
4b96ef39-9af5-4fe7-82c7-658f9ed956e9.wav,0.12789225578308105,inf,7.433654180047602,nan
4bece4b9-1c89-486e-9af6-8eae1e13e2e7.wav,0.1277766227722168,inf,nan,7.500025999941427
4bf51d8a-4078-4c84-9dc5-36b384402d01.wav,0.1272580623626709,inf,nan,16.86806812859979
4c769ab2-eb5f-4cb8-9ae8-fe0457335cbe.wav,0.13156843185424805,inf,14.678676253328076,nan
4c949895-0947-455b-803d-74102b41e754.wav,0.12818193435668945,inf,nan,13.022931334368025
4ca7206c-3224-445e-8d2f-831f75d7c90a.wav,0.127091646194458,inf,15.87981015942972,nan
4d4a9bf4-fe98-43be-81dd-230fc0646d58.wav,0.12759780883789062,inf,nan,17.899577632715452
4d546855-4bbf-494c-bb06-ce51570c9c26.wav,0.12233114242553711,inf,nan,26.50760429286522
4e712e8f-d37e-424b-97c9-7668064ffca9.wav,0.13233351707458496,inf,nan,24.17776875720319
4ebd6952-60ae-448f-bbfa-539e130ba3b2.wav,0.12839818000793457,inf,nan,20.05739357929363
4f517773-221f-47d1-b3f0-f4ad3a80a108.wav,0.12840557098388672,inf,nan,12.169153490962072
4f7acf44-98d7-4fcc-9bd3-094d9c30d7dd.wav,0.12883329391479492,inf,16.644589677084877,nan
4f9fb4d9-50ea-432f-ac30-9f597d6178df.wav,0.12841463088989258,inf,nan,21.76422070972916
4fd22ca4-99f3-4b33-9510-ba32d4a2f46f.wav,0.1281425952911377,inf,nan,17.589766642436253
4fd5d61c-1484-441c-8c3c-b5669d0e2292.wav,0.12742376327514648,inf,nan,13.487866427868068
4fdc6242-e58b-4687-bd69-94e4aa83db0f.wav,0.1283571720123291,inf,nan,15.578546519937008
4fee6085-6381-4bf6-becc-821ced6c321c.wav,0.1287693977355957,inf,nan,19.904722811521502
50982b3e-3586-4f01-884e-fcfd9a1a2df4.wav,0.12656116485595703,inf,nan,27.39504984929071
513466a6-2081-4b61-a9d9-db8f5c398dd9.wav,0.12833380699157715,inf,nan,17.845090115268967
5180ddb3-fc5d-4924-9e94-3d1228c17e43.wav,0.12794756889343262,inf,nan,11.262407691983885
51846093-43b0-4873-ba1a-ee503f3bdb9d.wav,0.12623906135559082,inf,nan,11.870043727472192
51d333e5-823d-434d-b3bc-638aeed222b1.wav,0.12792396545410156,inf,nan,17.01328818886032
52d00faf-9be7-4254-917c-8d4a3197a5db.wav,0.12099575996398926,inf,nan,19.941344551986802
54c317db-4533-40d6-bef7-50b0bd4ba6eb.wav,0.1280221939086914,inf,nan,16.1869598329056
54c6a6ff-c5e1-4aee-a8e9-3f47401459f9.wav,0.12940692901611328,inf,nan,7.599653377817065
54e7c135-fb37-454a-aaba-073bc67e5894.wav,0.1426551342010498,inf,9.344879973416608,nan
5540ae6d-b1c6-4c62-a03d-20ede2558afc.wav,0.12297320365905762,inf,4.933318894296054,nan
55b06e93-7249-45c1-a567-77ca8324d080.wav,0.14282584190368652,inf,nan,nan
55c95e62-6ce1-459c-bf7e-057f40bb9dc9.wav,0.12682008743286133,inf,nan,4.544470463937995
55fa663c-b545-4ede-8c73-acf1a7ba8c20.wav,0.1272416114807129,inf,nan,20.8918584083489
5611ca15-4d92-4cef-8187-8b2db56521a2.wav,0.13973736763000488,inf,nan,5.955164763708987
561fb19f-7fee-4994-9baf-d9aca4069498.wav,0.1274547576904297,inf,nan,26.180890240057398
564cfa0a-4219-4bd4-8d92-ce59b3a70f11.wav,0.12711548805236816,inf,nan,17.12797895248263
568629be-b80a-4edd-90db-e2a9115a240d.wav,0.14364004135131836,inf,nan,19.549198569087455
56f9e1dd-5ffb-44a5-a5d4-75d7cdfe64d0.wav,0.12781143188476562,inf,nan,2.87624323464012
572159e4-9c20-4dd8-a050-33e518102fde.wav,0.1421976089477539,inf,nan,6.423497974612967
57421962-30e8-4ed6-b839-a409e3f50c7b.wav,0.12988901138305664,inf,13.613124140564452,nan
57681b42-118a-4aef-a498-49b81b8b1cdb.wav,0.12745189666748047,inf,nan,14.680837368183264
578f64cd-9855-4a4f-bd78-3bf446b64391.wav,0.14430665969848633,inf,nan,14.724933131926193
583a820c-0ce6-44b0-8100-fe353ce6d3e1.wav,0.14262127876281738,inf,nan,12.83067759779907
588528eb-20f7-453e-85a2-360ce53d5cb6.wav,0.1270289421081543,inf,nan,14.818112452490514
58c8f69c-0a56-4579-bf29-c888362d855e.wav,0.13337206840515137,inf,nan,14.761173586772333
58d4c0b5-a0ee-4eda-8d50-feeee7496aed.wav,0.13350725173950195,inf,nan,22.887359195266434
591baa0f-bd41-49a7-a4b7-e94da179b2b2.wav,0.12682342529296875,inf,nan,22.226918272168234
59bb0d7e-eb5f-4d56-8a26-21fd7809db2a.wav,0.1268322467803955,inf,nan,21.192153904364048
59c3cf10-91ec-409b-9576-b106b58ad6bb.wav,0.1284637451171875,inf,nan,22.456827500862346
5a8e8ab0-27ed-48b9-8c27-16a371c74a3f.wav,0.12974095344543457,inf,nan,13.338820898742965
5b19872b-2741-448f-b07a-d50d47509308.wav,0.12756609916687012,inf,nan,6.453414756957471
5b4d164d-2188-46b1-87d0-d14edf796a3b.wav,0.1275794506072998,inf,nan,23.00317561710885
5b5da578-855f-4866-88b7-70ddcbe4f2a8.wav,0.1307978630065918,inf,nan,37.2631943068195
5ba3a321-4aa8-4def-bedc-b800134a8a93.wav,0.1332416534423828,inf,nan,16.943642529228455
5bf48169-b0bb-4aed-b870-928b1ec009bf.wav,0.12732887268066406,inf,nan,27.87129868625515
5bfa0a02-0627-4ad8-a030-ac44924fe784.wav,0.13688158988952637,inf,nan,18.722873717528834
5c07ae81-0e3f-4761-956f-3cad6ec422dd.wav,0.11875367164611816,inf,nan,8.810342813877602
5c3164e9-2c4c-4226-99a0-d346718ace24.wav,0.12894845008850098,inf,nan,12.320796721197427
5cb343b2-dfa2-42f8-82ea-948147a63020.wav,0.1276078224182129,inf,nan,22.396370587594845
5cef007b-2979-46be-a3f5-a1efab9fd763.wav,0.14494633674621582,inf,nan,18.716747771311407
5d57241d-83db-444f-ad3e-4ccee3f23373.wav,0.1304023265838623,inf,nan,27.10005196537432
5e1df97c-6eee-4e6c-9ea5-0e5d228f3ea2.wav,0.1329822540283203,inf,nan,14.352679629849558
5e4ba99a-cc6d-41f6-b1da-a53593522574.wav,0.13158559799194336,inf,nan,18.17799883002874
5e5363b2-194e-433d-8165-e576b981873e.wav,0.13115739822387695,inf,nan,8.747817857247965
5edf2908-7483-444c-b93b-9ae9beb155b1.wav,0.15934109687805176,inf,nan,25.230182318921454
5f3e80dc-6e4f-4ced-a670-618955fc06ae.wav,0.13889193534851074,inf,nan,24.24262419540346
5fd335ea-1259-4895-a540-06258f0fb69a.wav,0.1389157772064209,inf,nan,9.011367126726924
5fd769b6-b7e4-4121-81ff-e42c45fb0648.wav,0.1389012336730957,inf,nan,12.126912529378156
602dd674-c438-495d-83a7-23efaae6f8c0.wav,0.1389017105102539,inf,nan,7.069365858065049
61095807-08cc-4b6a-aab4-6e1a2e558135.wav,0.14395880699157715,inf,nan,24.778044812125987
61211a1e-99b8-4079-931a-a32845a5bf1d.wav,0.1441786289215088,inf,nan,22.698150361765226
6228b2ef-c8c1-4a3a-a57c-d5dbbed6d4a1.wav,0.12696504592895508,inf,nan,23.80997748659202
62406947-8f41-4790-9128-c792ab0cb6ce.wav,0.14528918266296387,inf,nan,23.687808760308656
628ac62f-2d6c-4d3f-89c8-f2b207f4cd44.wav,0.14142441749572754,inf,nan,10.381734273931842
629e3b5b-3829-4583-8e1c-d84825ca08b2.wav,0.139434814453125,inf,nan,15.684635723060765
62c0e50b-2bf6-4ecf-85b6-6ebf36e564b5.wav,0.14470410346984863,inf,nan,12.5427944283042
64030dcb-b007-4f0c-a957-76f5b5372c64.wav,0.14148449897766113,inf,nan,10.411713072984087
64058005-fd38-44ab-90aa-2b96fbc8bc76.wav,0.16460776329040527,inf,nan,22.239628144432515
64252bd6-3d67-4e84-a3c9-8186516a8586.wav,0.12371706962585449,inf,nan,20.084360400449214
643ccec6-2226-4520-a39c-9a859c871a45.wav,0.14756298065185547,inf,nan,15.170392736184308
64b2e68d-5fb4-4a44-82eb-5734a415e978.wav,0.13472414016723633,inf,nan,23.01152873997239
64d5c24b-2e31-41ba-afba-5bc85d9b43cc.wav,0.13389921188354492,inf,nan,5.763550257963201
65251536-2706-40ee-83f4-65bc2a4dd0c9.wav,0.13200998306274414,inf,nan,11.231814246584857
65426899-7a48-43b4-ba86-8019fcccfdb0.wav,0.11695647239685059,inf,nan,18.21163779227108
658bf659-6c2e-4af6-b218-36276437742a.wav,0.14439797401428223,inf,nan,22.62820694910721
662a83b5-33f4-4a49-a861-39a24a0612e6.wav,0.1402287483215332,inf,8.096949332415766,nan
6631cc7c-af05-450e-880c-f7882760085b.wav,0.12991666793823242,inf,14.889784947712435,nan
663e167d-03e3-47ae-940b-5862c64e8a09.wav,0.13022184371948242,inf,nan,21.448228525981666
667b32ec-30bd-4bc2-8ffb-ab3c3a4fa4d1.wav,0.13172650337219238,inf,nan,23.91284716280894
66811b61-6744-4a77-bfea-4ed03c915224.wav,0.13123178482055664,inf,nan,24.78202832224726
66b41ae6-05d6-4758-8646-1fc3e4face3e.wav,0.1305069923400879,inf,nan,26.26440742160677
67c25d1f-b0e0-422c-a212-8a769c60d3ea.wav,0.1313157081604004,inf,nan,10.528909669644742
685524ad-e854-4fa7-ada7-d8a3861231d1.wav,0.12931442260742188,inf,nan,15.833831365211914
68c55c27-86d1-4ab1-8acb-d7b9d83bc474.wav,0.12979841232299805,inf,nan,14.266995883223707
690b7f03-ae93-47e4-a361-5b99335cf939.wav,0.12489795684814453,inf,nan,9.807814057919247
6972b2fe-99a9-4a98-a746-d066515b8e9e.wav,0.1363966464996338,inf,nan,21.97430935272862
69913125-382c-47d3-b5fa-ccb015f1a20a.wav,0.12939143180847168,inf,nan,12.193404203338002
69b06303-d4fe-4768-b532-9edf3f1956dc.wav,0.13032054901123047,inf,nan,8.559053366487378
69d15af6-c453-47f6-bb34-b3af39630ff5.wav,0.13058257102966309,inf,nan,7.9441313191449145
6a018865-7f65-4890-8216-cc50de8a588b.wav,0.13579058647155762,inf,nan,13.03991884730514
6a8f6a6e-48ce-4e1f-a22e-8237c4123323.wav,0.12966370582580566,inf,nan,6.92979649027431
6ac7e280-8705-4b5b-9cee-ae076d052c1c.wav,0.15948796272277832,inf,nan,14.443922369075713
6b3280a8-ef75-4bfc-b545-870dec21a776.wav,0.14661455154418945,inf,nan,21.651731129767246
6c1d183e-922f-4d75-8467-c464bdf3d21d.wav,0.15393567085266113,inf,nan,7.139099756829696
6c6c6720-bd7c-4f0d-b6a5-2e0aef1c4a45.wav,0.1449265480041504,inf,nan,31.43481682365092
6c7b12ed-6f6a-43ac-b7bf-08eb9bddef30.wav,0.15267181396484375,inf,17.797107924753508,nan
6ce74c98-7bd8-4469-8866-63d846be6357.wav,0.1440587043762207,inf,nan,17.05201846067945
6dc3a8b6-961d-439b-a763-21c1a9998af3.wav,0.14421868324279785,inf,nan,25.464119745552814
6df93e0a-9710-4099-9346-584c1e0ba191.wav,0.14969778060913086,inf,nan,19.988809907489735
6e91dd23-2f15-48e2-b5d1-1d72ee8d1f3c.wav,0.17264199256896973,inf,nan,26.259717852162684
6ea9f572-2612-4be6-981a-757b4c6f3af6.wav,0.13283467292785645,inf,nan,16.057546474636705
6ec68994-64af-450b-ab97-6ec627e26292.wav,0.12681913375854492,inf,nan,15.631095924782674
6f01ecb2-f5a3-4b6e-b171-fdab2b269aa6.wav,0.13544535636901855,inf,5.506955380420462,nan
6f0ff573-07d0-4999-ba15-e6e8c40feba5.wav,0.12946820259094238,inf,nan,21.347867644177917
6f105479-6981-4ab9-a41b-a9f6cb46fee3.wav,0.14303135871887207,inf,nan,10.661679556528588
6f27b7c0-b35e-4d69-9534-607829224153.wav,0.1266016960144043,inf,nan,15.740205290841688
6f3f218f-5bbf-4173-a9c7-388e8c101d8e.wav,0.13768601417541504,inf,nan,23.20725203466005
6f56ff2c-3ce6-4b5b-835f-681fbc0a16f3.wav,0.14229440689086914,inf,nan,15.123586063992622
6fa836a3-a161-4ba6-8b88-08e5c6b466e2.wav,0.14356160163879395,inf,nan,6.878495393606358
6fb6e630-0bc6-4adf-9217-ec8b48123552.wav,0.14281630516052246,inf,24.59471164302458,nan
7008d9c8-6868-47eb-9935-3cf6885cdb1d.wav,0.14663147926330566,inf,nan,13.099371367000497
70273408-6898-4ce0-891a-d6fa78db2d1d.wav,0.14516258239746094,inf,1.5018248477635951,nan
7046ebd2-f362-4fff-a3f8-5e158dfbf698.wav,0.13902521133422852,inf,2.172390614405643,nan
710d95cc-aa2e-40e7-9035-bbf80089105b.wav,0.12680554389953613,inf,nan,12.724492347093982
7129eff4-1c85-43cb-a926-78dcbf3437e2.wav,0.14449238777160645,inf,nan,26.138388856040542
71767ef9-97a4-4752-908b-f649d08f6973.wav,0.13901472091674805,inf,nan,11.37847378621901
72442cc8-c342-4339-b933-7d2ca5cc68b9.wav,0.12755107879638672,inf,nan,43.51612242576894
72911a4e-dd47-4065-a940-8dfee619066c.wav,0.12734413146972656,inf,nan,11.881190035631239
733aa94c-4ed1-432c-8f9d-f0bbf4569c78.wav,0.15179657936096191,inf,nan,4.143270273152551
741e1978-11fb-4f4a-bf25-c43c239c226c.wav,0.13374590873718262,inf,nan,10.159527197190473
7434e3e9-74dd-4dc6-a586-4d38280caca6.wav,0.18543672561645508,inf,nan,25.106755113642063
74570b9d-d470-43ca-9771-5255adcfc8f4.wav,0.14222168922424316,inf,nan,10.220207366716052
746a0398-8607-42ea-930a-761fd8b3fcf6.wav,0.14583873748779297,inf,nan,29.95461189883761
74845371-43e3-4473-ae04-b3a7fe95648e.wav,0.14584684371948242,inf,nan,15.232926072166926
74c408e1-661a-45dd-a3fd-c4f808bea70d.wav,0.16188406944274902,inf,nan,18.468264480331555
751d7d4b-95b1-45d6-9c95-a145c8c8d13a.wav,0.1814708709716797,inf,nan,20.56478565881896
759b65fe-ad0c-43c7-a1a9-9feeeba38347.wav,0.17477679252624512,inf,nan,16.707587347017565
760ba446-aae7-4136-922c-9351c97504b8.wav,0.17252278327941895,inf,nan,21.328427014625763
7662bc78-07d5-4b34-9b6a-dd0aa56e9428.wav,0.1766035556793213,inf,nan,17.493084489158186
7682ac5c-1306-456e-b144-70b77b1cd415.wav,0.1787428855895996,inf,nan,26.998025036696387
76c468f6-b757-42c1-8768-f132f9eff939.wav,0.1747899055480957,inf,nan,17.71714018373779
773e20b9-ea85-4a99-8af8-f13cbcbf0914.wav,0.22736859321594238,inf,nan,15.756402034213046
778cb5c5-b503-483b-a635-6cde49e0c257.wav,0.18225669860839844,inf,nan,13.535676288660232
781f7cae-3bce-4697-9bf9-989a6a827b5e.wav,0.15832972526550293,inf,nan,8.511331416292176
78c92173-339a-4da3-9631-08580b776f4a.wav,0.15619516372680664,inf,nan,16.965749239348934
7903a17f-d3a6-4af0-a36c-5c51c2cb70dd.wav,0.16129827499389648,inf,12.920475668508518,nan
7925f46f-51c3-482d-8537-e3b2e7ddd85e.wav,0.14760613441467285,inf,13.747129828795966,nan
799981ff-4d6b-4e7c-a375-a9b25310cf40.wav,0.2013566493988037,inf,nan,17.990782483549957
799e7b1b-7c1d-4c67-a115-6551ade2cdaf.wav,0.16503262519836426,inf,nan,19.441130996083338
79c04d9b-f39c-42ed-877f-e78d9986105e.wav,0.16541123390197754,inf,nan,14.943849102938728
7a24bf6a-5bf3-47d5-8bef-81cc9bd4d6ff.wav,0.15684771537780762,inf,23.90543791122834,nan
7ae7cda8-d030-4ceb-9a6a-ad5e1222ccd8.wav,0.15221834182739258,inf,nan,13.075919705901308
7b1fa2de-2025-48ab-ac4d-4640d478c475.wav,0.15120410919189453,inf,nan,15.995776974334765
7b95b0c0-9610-422f-835c-8c9f972f7462.wav,0.14928221702575684,inf,nan,14.48194115120807
7bcd4cdc-36dd-4847-b946-164c9bebf3b2.wav,0.14411067962646484,inf,nan,12.600698100973055
7c12e85e-e5e9-49f5-82a6-e024d9ef1374.wav,0.16785049438476562,inf,nan,20.4904391478788
7c27abad-0bd5-47d5-8d61-c0716d4cc87d.wav,0.16141653060913086,inf,nan,23.5491682569647
7c808071-6984-4421-b073-a515000f58a1.wav,0.13893651962280273,inf,9.806804554102364,nan
7c993322-c1bb-49b2-a676-f6589d976ec0.wav,0.15385699272155762,inf,nan,20.847090121809305
7cbcc072-f8f0-460a-95d4-0e191dfa2545.wav,0.1297760009765625,inf,nan,0.3265572776849644
7cdd94af-8532-4a4d-9b14-3a9a7e986932.wav,0.15389037132263184,inf,13.698982159537877,nan
7d2e10a6-31b6-4d70-bfe3-d2627f1352e4.wav,0.1463158130645752,inf,nan,18.5343837773403
7d95d4cc-360b-4e1c-a775-63b9e45aa0bc.wav,0.1591660976409912,inf,nan,22.74318964794595
7e253ce7-21d1-4bee-b243-15000f8933b5.wav,0.15292882919311523,inf,nan,21.06180378289295
7e872649-2464-42ab-b751-af26a9429998.wav,0.161787748336792,inf,nan,14.706029060328861
7f358ab2-6356-4a0e-a4ca-127a43e0ded5.wav,0.15238213539123535,inf,10.889629517802737,nan
7fa8fc6c-a731-4903-8273-efe57067cf3a.wav,0.14849638938903809,inf,nan,20.859310652148498
7fda5713-5f9e-4189-8aef-a284cf129c27.wav,0.15472793579101562,inf,25.300921529926235,nan
801e7cc4-db29-46e7-b866-b3e9b9cedb12.wav,0.14419174194335938,inf,nan,8.413897246379854
803d9d3f-d4da-43c1-b4dd-b9bc17d51b3e.wav,0.1543440818786621,inf,nan,19.244838518445352
80bdcba6-cae3-4e0b-a36b-a3d62ab5de27.wav,0.15113353729248047,inf,nan,9.235821857945819
80dae54c-922a-4c99-858d-e03fecd55e7d.wav,0.14107632637023926,inf,nan,7.988172856769028
80fb272f-19d9-4a53-91a7-9f11098e1ded.wav,0.13121843338012695,inf,nan,22.474291064797754
80ffe67b-24d9-44f8-b3fc-41c22b55d710.wav,0.15747666358947754,inf,nan,20.85479087765054
81635566-2449-485d-ac29-dc1117eb9af7.wav,0.14223957061767578,inf,nan,10.910213259970597
823426af-8eb1-4e97-a7ed-f3c075c5e9d7.wav,0.1435096263885498,inf,nan,17.45608130949052
82c00bf9-2270-4983-a505-9f7a39d5cdab.wav,0.13126230239868164,inf,nan,17.999611172746935
82dba97c-c0b2-421b-b689-5c583f4778bb.wav,0.13406801223754883,inf,nan,9.813099616048277
82e2daa4-66d7-425e-8bf1-bfda440babf4.wav,0.13379120826721191,inf,nan,14.709333095359549
830fc15c-bccd-4634-9623-df3718c6e26d.wav,0.133589506149292,inf,9.023315176468175,nan
832c946a-e7bf-4b06-9020-1f5cf16ffb66.wav,0.13536572456359863,inf,nan,24.51223109877508
833d25d9-6cb0-46bc-9eb8-2301dd91527a.wav,0.12633681297302246,inf,nan,20.096393164963168
83b41ade-3f89-4ba4-ab38-655f1d1c8df7.wav,0.145582914352417,inf,7.35393832285335,nan
83d33cbd-1fd4-4fcd-b9a0-74d208ab8e97.wav,0.1395130157470703,inf,nan,15.355143413717819
846510e8-12c3-4b3e-a492-72fc6e067378.wav,0.13838410377502441,inf,nan,4.571790167481559
84e2a6ed-2740-40c7-8bc8-1f416a335d3b.wav,0.14623785018920898,inf,nan,4.7757349587086
8559aba4-3f0b-45e3-add2-fcda2f9d586b.wav,0.15032672882080078,inf,15.434459489272921,nan
85a4c4d4-ebe4-449a-a7d1-572da07a3631.wav,0.1429760456085205,inf,nan,28.67860275422319
85c7805b-4884-4880-9fac-bed80f2fd142.wav,0.15022826194763184,inf,22.801202793679714,nan
85d726b5-89b8-4e59-8e9c-e1a2ca308d71.wav,0.14232254028320312,inf,19.64262885520228,nan
85ebe8f7-202a-4357-a296-11204a297936.wav,0.13777518272399902,inf,nan,13.340988735123306
8652541b-917b-4e04-93a4-fd514916d50e.wav,0.1435708999633789,inf,nan,23.71300932807056
86f7ee1d-54ea-42da-a2e1-352c3b65d01c.wav,0.13184618949890137,inf,nan,19.277802613197107
878825f7-20a2-4394-8c75-ff47f3fda9d3.wav,0.1316530704498291,inf,nan,7.535008562775818
87a15832-9532-48a9-8b87-0c7ec8bf2d6a.wav,0.12590980529785156,inf,11.611670955872505,nan
8895b3c3-6934-442a-ba91-e4c0201c45a2.wav,0.12636899948120117,inf,nan,22.249781593264153
88a7a16c-7c5b-46e9-aaef-8692a580dd6b.wav,0.1269989013671875,inf,9.805726017635054,nan
89643052-2534-4c1d-9eee-f55867bedee7.wav,0.15601515769958496,inf,nan,20.910683904016253
8a16c0c6-77e3-4d09-b462-6650c5ba270b.wav,0.14586567878723145,inf,nan,2.5112199469186964
8b243863-b6f8-43d1-bdc9-05924e82e152.wav,0.15284013748168945,inf,nan,4.967951865438201
8b4c8568-4839-4096-812b-73d2ba6e5b64.wav,0.1670544147491455,inf,nan,19.935328025660922
8b694768-831c-430f-a32a-80acf9d7baf6.wav,0.16048002243041992,inf,nan,3.235701783008247
8be1e5ac-9cab-472f-a0d5-f66849b7ec5e.wav,0.15250396728515625,inf,nan,21.641432501501754
8c3841db-777f-4fae-8cdc-6b60bfbe27bb.wav,0.1607983112335205,inf,nan,20.864330093317026
8c46512e-54de-4e6c-a40f-1b23e52b796d.wav,0.17647600173950195,inf,nan,9.313192374904446
8c9479ae-f1cc-4a1d-9692-0f358826c31c.wav,0.17249536514282227,inf,nan,14.916228654091901
8d43294a-e0fa-44be-98af-5f64943582b4.wav,0.16673564910888672,inf,nan,14.63045302302667
8d4d532f-7d52-435f-aa91-f7ef8b5ffa80.wav,0.18850994110107422,inf,nan,31.083199115298477
8dd556bf-c9a1-420b-8996-a657e9fc7c92.wav,0.14518141746520996,inf,nan,24.594019843118435
8dd8051b-94d0-4c73-9cf4-3447cbb0755d.wav,0.14069199562072754,inf,nan,15.944796679548416
8df88da0-50c0-40c2-8e9f-46ae1685653e.wav,0.13750982284545898,inf,nan,31.150800223176567
8e664a04-817f-44ec-9569-bbcb5a173b8c.wav,0.14035344123840332,inf,nan,8.522978495644143
8e8e10f3-37b4-493b-994b-5d44048dc2b6.wav,0.13645482063293457,inf,nan,22.168256189102124
8ed452c0-18e6-4d92-bd99-ba98bbda443f.wav,0.13576316833496094,inf,nan,14.07009895889454
8ee15ea8-4b91-491b-8a92-8135952e76d7.wav,0.13533997535705566,inf,nan,6.0673444280841204
8f01091f-f602-4391-a3de-a59bcf4e5847.wav,0.1367044448852539,inf,nan,16.925541608922543
8f2d6a00-8a24-4ab1-af57-56cf676566ed.wav,0.13433051109313965,inf,nan,17.309675200928442
90b1352d-e3e0-460d-885b-73ddf5fb27e1.wav,0.13602399826049805,inf,nan,22.118889646545213
9104d161-bf37-4164-af00-9af711a7500c.wav,0.13666653633117676,inf,nan,15.991064951068676
9123d8d8-0094-4896-a17a-27749073eb3a.wav,0.13263893127441406,inf,nan,16.399013581808802
91b850dc-5923-44d4-9f9a-051fc87cec00.wav,0.1401684284210205,inf,nan,18.047934957400752
91efca4b-4929-4404-96ef-0a0b165d0ca5.wav,0.13776111602783203,inf,nan,36.706691638533215
925d2ac5-270b-4470-8950-88cb6b08fcf9.wav,0.1381990909576416,inf,nan,19.377677386231923
925d372a-5f9e-4932-bc7a-da7d573a16f1.wav,0.13800454139709473,inf,nan,11.647033462359067
92f28048-4596-4bd9-9bb9-6de0558c1d9d.wav,0.13908886909484863,inf,nan,20.98497399006546
92f3b248-d705-41d1-b46c-70f67bd71ae5.wav,0.13886594772338867,inf,nan,10.091959982559016
930e4b17-6ecb-419f-8e14-65c547424eaf.wav,0.13775897026062012,inf,nan,16.054622585258404
9397fd43-e0df-4c75-b27e-04c3ed2f0fb8.wav,0.13864755630493164,inf,nan,nan
93b368d8-e5e0-4f7d-a68b-f4127b39c36b.wav,0.1396012306213379,inf,37.33351037561242,nan
93dd0ad9-64be-4f7c-84e7-e189af478dab.wav,0.12929272651672363,inf,17.073106161697122,nan
9496c16e-a591-4a78-870f-744822a847e6.wav,0.1432666778564453,inf,nan,9.885321213685772
94c353ea-3f41-427c-bb3e-2f119e50bb6f.wav,0.13884520530700684,inf,nan,14.906249379249836
94c53803-f616-4c8e-b144-06d54ebfbfd1.wav,0.128495454788208,inf,nan,5.7669811605137795
957551b0-1365-4536-8aba-90d35eefd5ee.wav,0.1311323642730713,inf,nan,30.369470355635407
961ddc38-e5a4-416e-bf77-19966bdabfbc.wav,0.1298673152923584,inf,16.14037932763715,nan
970e1a07-8c67-49a4-b437-33ea735dd5eb.wav,0.12996983528137207,inf,nan,5.075238393293136
97752980-bbfd-46cb-9d7a-6f673aa9341a.wav,0.13061118125915527,inf,nan,26.222918640589167
9867d779-5da9-4c46-94b9-bf29baf269d9.wav,0.12840771675109863,inf,nan,19.28377195947655
98760cd0-f981-4eae-933e-9844c7182d92.wav,0.12878656387329102,inf,nan,22.675511157845307
9876c7af-f8a0-4b8c-a80d-b2b7aa9dcd4b.wav,0.13173627853393555,inf,nan,19.2398766891929
98f08414-7707-4248-bef5-d8df6ceaccdb.wav,0.1360950469970703,inf,nan,14.045343071119442
992741c5-8f08-4757-8e3f-01d3f1ca339d.wav,0.12744355201721191,inf,nan,23.423927692894203
9948c725-70ba-4a73-a7f3-dac69ac76b76.wav,0.12358236312866211,inf,nan,20.784531220733914
998d4e1e-64c6-4e50-8c40-195ebe6951f4.wav,0.13856935501098633,inf,7.90835484084724,nan
999d0f90-82a1-4185-85e6-33c7014b585a.wav,0.1293339729309082,inf,nan,10.82963431263562
99b5a310-c47c-498d-8d61-c8545ab15fac.wav,0.12811994552612305,inf,nan,20.905162330579998
99fac516-3ece-48a6-872d-162348c89a86.wav,0.12914109230041504,inf,nan,11.328135440383646
9a2c6ac3-0bec-4ce1-b4c9-c6d80bd9f521.wav,0.12624621391296387,inf,nan,7.511922110222992
9a92f7a6-c5ea-4416-a61e-a330fc25a887.wav,0.12826275825500488,inf,nan,36.40356973063538
9b06f0d3-83f7-4fd0-9f03-34e0c10560a4.wav,0.12675976753234863,inf,nan,12.9665375826161
9b7e86af-90c1-4297-aca8-2c8c7ea115f2.wav,0.12230730056762695,inf,nan,8.563232382342939
9cfb418c-7449-49a2-a171-b4373b4eba03.wav,0.13535523414611816,inf,nan,19.4022724517463
9d3e4007-4faf-4eb7-9bfd-edb27251734d.wav,0.11994171142578125,inf,nan,30.996373609076034
9d3e8196-799c-4404-8d59-af61101299f5.wav,0.14169764518737793,inf,nan,7.956824347569511
9dd6dd15-40a5-46c4-9b0c-df4ec68abeb8.wav,0.13277769088745117,inf,nan,22.49408139839677
9e1b29d5-2b15-4f1c-856e-c223b3b3066c.wav,0.13488125801086426,inf,nan,19.651799514904013
9f28ad19-763a-4d25-b9fe-72d86b9d7fb6.wav,0.1455996036529541,inf,nan,28.717658431826898
9f3b07aa-1510-4be6-b7cd-dee1134f66c1.wav,0.13002705574035645,inf,16.173980880884333,nan
9f3c31c0-ab04-4074-bf15-8abdb77a7fb7.wav,0.11857295036315918,inf,nan,21.78904090863023
9f482d55-d8ad-4c9b-b73b-1c66e061d7ab.wav,0.144578218460083,inf,nan,26.248453855790867
9f6e7e9b-c9c1-411c-bda9-6aa4d454b759.wav,0.13557147979736328,inf,nan,14.625006601860434
9f81ada1-082b-4223-88f8-4e3bc69ee9a9.wav,0.13125228881835938,inf,nan,23.975101342108967
9f91979d-e5d6-4408-be0b-c99d6089292f.wav,0.12677454948425293,inf,nan,7.722691154761139
9fd1f437-3f26-42a0-be8f-c930d0ee601a.wav,0.12683868408203125,inf,nan,25.645351721196388
9ff08c78-1f8b-43cb-94af-12bdd652b6a0.wav,0.14382553100585938,inf,nan,21.58714219165177
a0424451-3231-4fda-9c65-5ef675c03b0c.wav,0.14293861389160156,inf,17.884024390292378,nan
a05767ff-af49-4cae-852e-c463a09a85c8.wav,0.13535165786743164,inf,nan,2.0394694656013095
a0a52a27-69b6-4783-b0b9-6636d9626045.wav,0.13147211074829102,inf,nan,24.804586753097368
a2146e3f-ec0d-44d9-bb0b-9ce727870698.wav,0.13986802101135254,inf,nan,22.29193183684379
a25eb39c-58ea-4466-8c47-1ec152ecee4e.wav,0.13921070098876953,inf,nan,22.192594307564537
a3aded87-d753-4a84-b9da-64fc83114f4b.wav,0.13364601135253906,inf,nan,22.57007224618123
a41a9ed4-15aa-4ca7-8bcb-b5a248a44d20.wav,0.12760114669799805,inf,nan,23.58411043871806
a4e9a288-6308-483b-b6b8-e242de021272.wav,0.12721586227416992,inf,nan,17.156822996121775
a521dc4c-ec2e-4613-837b-b35b994aad56.wav,0.12910056114196777,inf,nan,14.665538831056185
a5586c15-fe4a-4126-ac5c-fffabc20bd74.wav,0.1302649974822998,inf,11.450106515425718,nan
a6191c61-444b-4a7b-b5bc-34ba54721a5e.wav,0.12947988510131836,inf,12.299178422246548,nan
a62f6dfd-09a5-48cb-98be-033b79d7e67c.wav,0.1299762725830078,inf,nan,24.07237636477709
a68ef1cb-ddde-4e0c-ae91-11573bdb3701.wav,0.1292707920074463,inf,nan,6.818943760016606
a71fe9f4-1f39-4a86-be66-afc135ebfed5.wav,0.1293625831604004,inf,nan,18.478160036152445
a733c939-5c3b-479e-8341-0862c3984aa3.wav,0.1275339126586914,inf,nan,10.881458055541325
a7849205-2474-4a8d-9c6b-77181ff6e635.wav,0.1311790943145752,inf,nan,14.240722551818958
a7e6978d-9259-4b52-bfc5-d881033f0d89.wav,0.12912726402282715,inf,nan,8.346941851243509
a811e693-aa09-4f28-951a-a64007d87baf.wav,0.12922096252441406,inf,nan,18.02727512953874
a82b86d8-e8d9-42bc-b450-baf6e2d7e1eb.wav,0.1280686855316162,inf,nan,7.345446337180869
a82d17e3-5dea-456a-9fcc-f817dedebbc5.wav,0.12842774391174316,inf,15.066357631792478,nan
a8b3d81c-6b11-4ccd-ba46-49583be0f567.wav,0.12763428688049316,inf,15.34939661691077,nan
a8c92d53-2167-4bf8-ab8c-1a9bc9c30eaf.wav,0.1285691261291504,inf,nan,12.748064465963465
a90f5eca-fdbe-4a21-94bd-c4c7f32fe365.wav,0.12648344039916992,inf,nan,32.43893482307161
aa3e9623-8662-4667-8157-e1dfcc680513.wav,0.129197359085083,inf,nan,10.27977349108673
aaafe57f-3851-405e-88d1-89ad577086f3.wav,0.12745022773742676,inf,21.487729384703556,nan
ab06a9be-4fd4-4314-8b71-244f4dc96a7f.wav,0.1280069351196289,inf,nan,22.382740911016228
ab910051-02db-4931-8eae-dd1306f1cf0d.wav,0.13000035285949707,inf,nan,15.968776856870882
abdcefa3-12a1-4e7e-97b3-e2d9e60279be.wav,0.12156796455383301,inf,28.341914553820683,nan
abe4ee6f-f523-4f78-9098-b5f8eb4a8117.wav,0.1495990753173828,inf,nan,25.459162114424977
ac29ba18-11d5-44ad-a840-6b71721e359e.wav,0.12916779518127441,inf,nan,18.08141025568521
ac61ae46-6e4b-4e41-82e6-8bbb61a2b2c7.wav,0.12974953651428223,inf,nan,19.93524326829499
acb24204-d3e1-4c59-9fe5-6b893491a189.wav,0.12887215614318848,inf,nan,17.2796195198104
acbe8f00-dbe6-4353-a657-60adbe50a996.wav,0.13061261177062988,inf,nan,14.190097144051805
ad2a71e0-75c7-49f5-8122-fb7270e91158.wav,0.12724590301513672,inf,6.944001425466981,nan
ad312ccb-dd19-44ad-bd9b-e4df378ce355.wav,0.12685585021972656,inf,nan,5.103203226791403
ad87a53f-4b27-4036-960d-5cb3b578439d.wav,0.13073992729187012,inf,nan,17.105795423834195
ae03cfaa-2441-45f4-8b79-b85b5238274f.wav,0.12733173370361328,inf,nan,23.761914571964038
ae8c94f2-251f-4615-a78a-c4b498d0a06c.wav,0.12969565391540527,inf,nan,15.243644501606024
aeed8d2c-e2bf-4618-81b6-6d744db135b4.wav,0.1285078525543213,inf,nan,9.276948882092634
aefab917-4a68-4d1a-ac3d-0c43da4270e6.wav,0.12757492065429688,inf,nan,18.694024965193357
af2f8db9-b6aa-48ab-addb-572a592b3e5e.wav,0.12829089164733887,inf,nan,3.658440041745198
af6d5d93-2d40-4efb-a9cf-9556cb4ece17.wav,0.12825751304626465,inf,nan,18.65318244133889
af7ffc61-3ffc-4c22-b7b8-1bcf17d516ae.wav,0.128617525100708,inf,nan,19.832084365106034
b00473d5-2043-4af7-ac66-d44917da73d2.wav,0.12755107879638672,inf,nan,15.020259884196792
b033937f-7e13-4a08-ae12-b83eb8e380e9.wav,0.12737154960632324,inf,nan,20.98275344557462
b0ad441a-6a1f-4a23-8847-246620ac1b88.wav,0.1269054412841797,inf,nan,4.65056597143213
b0b12199-956f-4089-87a0-b89fef92d7d8.wav,0.128068208694458,inf,nan,14.263672289589259
b126d03b-63a3-4a24-b796-c715649994eb.wav,0.12634897232055664,inf,nan,19.179137663591327
b18c2dbc-4ddb-42fe-9f6d-1a945ff00426.wav,0.12848353385925293,inf,nan,17.175712273210163
b212f1f3-ce69-4104-b397-e26ba470612b.wav,0.12872076034545898,inf,nan,9.023332090616481
b2d2d35b-bac6-48ae-8c45-884cbef0f6b9.wav,0.12964248657226562,inf,nan,15.205152204671695
b31e55c6-9d09-4074-8efb-56d898aa198d.wav,0.128373384475708,inf,nan,12.940522836597134
b37571bb-bc46-436b-b6f5-f579260d73e0.wav,0.1282975673675537,inf,nan,21.388448293261103
b474c204-4ac7-4976-9940-9733868a6d13.wav,0.12935590744018555,inf,nan,17.131364827677775
b4a354ca-8194-4459-b711-0fd099b117e8.wav,0.1278364658355713,inf,nan,29.32456604374614
b4bd72dc-889a-44fc-a5ee-804559002645.wav,0.12754464149475098,inf,nan,28.165833174180857
b516f828-6299-4be9-9a95-908b81095472.wav,0.1273188591003418,inf,nan,21.96869130261475
b52b1551-e576-4b1f-959c-556041d06f5b.wav,0.1279771327972412,inf,nan,6.702574276312435
b552734f-6d92-4b26-a17b-ddddd456ab94.wav,0.1319735050201416,inf,nan,25.791972320778477
b5b8714f-6a0c-4ed0-a3bf-a95e2f48c0ee.wav,0.12875008583068848,inf,nan,19.955460713750252
b64dd1e7-bec9-406e-909f-477da078965d.wav,0.12841296195983887,inf,nan,12.919692528175547
b6bc60bf-686f-4103-a3ed-aaf2e888ee5a.wav,0.12901997566223145,inf,nan,14.679069357539761
b7684435-eaf2-43ee-8912-2769e8d117d2.wav,0.12640070915222168,inf,nan,29.559205934033514
b800deb5-00a6-4ef2-b99a-42359684367a.wav,0.12691879272460938,inf,nan,14.444287499165764
b876af63-bbdc-48b2-bb75-6acfe53f911b.wav,0.12824368476867676,inf,nan,15.402088470852995
b8b26cb7-1bf1-4156-a51d-7994525690f2.wav,0.13074660301208496,inf,nan,18.04328916731227
b9a1fa23-dc23-45dc-a3c8-aff74ec96692.wav,0.12332439422607422,inf,nan,23.280246000150658
b9d3fa13-5a79-4214-8bbe-8dea7a5ad8e7.wav,0.13508915901184082,inf,14.03001132427235,nan
b9ddee46-ad84-44bc-8fc0-a84ceff1d27d.wav,0.129227876663208,inf,nan,19.248375501993895
ba156869-b73d-4263-9879-c6f8799cc975.wav,0.1277315616607666,inf,nan,21.887109374497427
baf70ec4-328d-43c8-84a3-402094fff54a.wav,0.12784504890441895,inf,nan,24.805801013849077
bb90f5f0-d305-46e1-8c1d-d017d728883a.wav,0.1295452117919922,inf,11.611576439023265,nan
bbad0173-3dcc-4567-ba3d-9ece2be70762.wav,0.1294107437133789,inf,nan,32.09081132064541
bbd01ca3-48df-41b9-a54f-a4d666db307e.wav,0.1277012825012207,inf,11.683798763494174,nan
bc184a03-702d-4e20-a84f-947be81448f7.wav,0.1288304328918457,inf,nan,15.09419521393336
bc9115d8-2363-4159-ae41-295a9129a9aa.wav,0.12790465354919434,inf,nan,10.636628065319824
bcc36cfb-115f-40a6-97c3-5eb67b0e1198.wav,0.12942075729370117,inf,nan,18.971307881748093
bd009dca-f25e-49bd-852f-da52c2139281.wav,0.12768125534057617,inf,nan,19.59478512789762
bdbf74d4-fdfb-4d7a-b7f1-3bdcea62a8fc.wav,0.12805843353271484,inf,nan,26.179790341104287
bdddb6a7-b2c6-4c67-8417-a5bbda5a1249.wav,0.12973356246948242,inf,nan,23.272453899268253
be7f6880-89c4-4203-b8a6-fb792bbf2557.wav,0.12991070747375488,inf,nan,14.883669167905563
be8571fe-8f36-4eb2-ab23-e374dea1133d.wav,0.1266162395477295,inf,nan,11.72747625576182
bf2399d4-665b-4edc-84eb-71f9063ffad4.wav,0.12715601921081543,inf,nan,6.396326820022571
bf2571e6-afb8-4ab7-a609-34214c0c7310.wav,0.1281135082244873,inf,nan,13.141271622779088
bf4510d0-4b67-47d9-af8d-0f4c81a532e6.wav,0.12683868408203125,inf,nan,15.03159709318617
bf5255dc-1ed9-49d3-8ecf-e508c4b20731.wav,0.12737011909484863,inf,nan,3.402974366109106
c01dec29-9511-443a-8135-9ec070806211.wav,0.1273486614227295,inf,nan,19.814246827553045
c07fa32b-f809-4f58-96dd-4e6089db94c6.wav,0.12935757637023926,inf,22.914710087513946,nan
c0802070-70d2-4475-b808-66cfd408a22a.wav,0.1285724639892578,inf,nan,13.628651519628619
c117c8a9-217f-4368-9919-c3aa83733a17.wav,0.14203286170959473,inf,nan,20.411807933674073
c157a352-8670-4930-9911-7c88ac1c9049.wav,0.12840890884399414,inf,nan,16.240750897136557
c1baf8e3-e2bc-4ecd-9a11-15004e6c45cf.wav,0.12856674194335938,inf,7.548710614763555,nan
c1d8e934-fc5c-4d2d-9ba2-47b9fe395fee.wav,0.13193583488464355,inf,nan,21.49702358950792
c34dae3b-a6cf-4fb0-8d1f-460d42b2ba7a.wav,0.12728381156921387,inf,nan,20.09273023376668
c438ff81-e776-4dd6-9df0-03c84a9ed3c6.wav,0.12833809852600098,inf,nan,11.190918554177012
c4f4e43d-a873-4629-a65b-448a031c6df2.wav,0.1271672248840332,inf,9.486007675951768,nan
c50256f6-cffc-4e1d-977c-473c32bc52bf.wav,0.13747096061706543,inf,nan,14.27742906331295
c64a9a77-0a86-4108-9223-985d80602b22.wav,0.13109946250915527,inf,nan,9.973857338930754
c68e8c75-7434-45e2-a076-8fc7fe50a22b.wav,0.12694382667541504,inf,nan,21.414945019767607
c7938f98-b1ad-40c6-a65c-c7920df15857.wav,0.12729859352111816,inf,10.712048799271452,nan
c797ad50-5c6b-45dd-990d-3bf424d460be.wav,0.1280684471130371,inf,nan,12.366706683812884
c88a7cf8-012b-4f2d-bafe-19f638b72ad1.wav,0.1277003288269043,inf,nan,12.734831639861302
c88d7db7-ecd2-4993-bb50-f1902af6e021.wav,0.1277611255645752,inf,nan,21.529488840242504
c9139beb-ef5c-4089-9ddd-6abd7fd0972b.wav,0.1290419101715088,inf,nan,7.856381364205837
c94a64a6-8631-4e8a-a42e-6754a62df32b.wav,0.1271529197692871,inf,nan,5.219079535376143
c99bab57-3cb4-49ca-9042-03fd33a0aec9.wav,0.1297893524169922,inf,nan,15.098261133767386
ca1df83a-d8c2-4c6f-b28b-d4b70b60f469.wav,0.12776684761047363,inf,nan,3.907015040304653
ca2a0773-c1ee-462a-a124-7be7fccc9101.wav,0.1296558380126953,inf,nan,18.022773021778335
ca8167fc-fe67-42d5-82b6-393bf95f292a.wav,0.1307380199432373,inf,nan,15.105493357835064
cb2fb833-e2e0-4321-a197-1434e94003bb.wav,0.12668824195861816,inf,nan,15.91998374704041
cbf01787-9e7c-4705-930b-53769a9d92b0.wav,0.1271815299987793,inf,nan,17.055633434275407
cc58a08c-5d9a-4f33-a19e-b2bd50ce56b5.wav,0.12674188613891602,inf,nan,16.34104188526956
cca6d725-2c53-4524-b98a-486268cf4a1c.wav,0.1290745735168457,inf,nan,11.663224845657771
cd19eeae-bf70-4492-a206-0b2eaeb4c1d2.wav,0.13032054901123047,inf,nan,15.769445206875815
cd49e9f1-12fe-4cbd-b955-8a2145d1dec6.wav,0.13836145401000977,inf,nan,13.45574446906564
cdd0bd51-2684-44db-ad8d-f9bf37367292.wav,0.12770485877990723,inf,nan,19.798140241315096
cdd3ad00-b819-4a86-905a-ec7541a65b56.wav,0.12693071365356445,inf,nan,22.488175735942573
ce419c78-9616-49fa-87e0-b64148aa12a6.wav,0.12683534622192383,inf,nan,25.259007087260386
ce441d17-f005-413d-9e30-e631df26e53c.wav,0.1273348331451416,inf,nan,34.40839919997413
ce96a016-f36c-446c-8ab0-cbd10b74684a.wav,0.14341330528259277,inf,nan,0.8243380843372425
ceaa4976-a8b5-4736-88f1-17234842235c.wav,0.12700915336608887,inf,nan,18.856265258959077
cec06996-07de-4f7e-9914-d54bd547232b.wav,0.14346098899841309,inf,nan,12.852692855020365
cf0b1fe7-c4d8-49dd-be40-2d2abbb5c1e0.wav,0.13954830169677734,inf,nan,7.740949148147461
cf3f227f-3354-49a3-b78f-b29dd60b2961.wav,0.11742734909057617,inf,nan,4.23933484947379
cff25bde-af14-4b61-a9d0-b1a335d4e2b8.wav,0.14339828491210938,inf,nan,15.955402963584334
d098b9d3-b971-4f4b-be92-6c2622e75ce4.wav,0.12652826309204102,inf,nan,10.37615847288997
d0e66872-fb66-41a3-a589-a374dfe01161.wav,0.1263275146484375,inf,nan,17.492122613836646
d118281d-126f-4c4c-8fbb-6277ddf0aa4e.wav,0.1429135799407959,inf,14.259915468549078,nan
d145ea64-c55c-4dda-b4eb-82120b3b8703.wav,0.12656283378601074,inf,nan,19.98366134986897
d1768885-813b-42b4-9b90-150a8b47e1db.wav,0.14260244369506836,inf,nan,21.14463762925058
d1a71bce-a021-43c0-8177-e3491a91c774.wav,0.12670135498046875,inf,nan,23.081887952260416
d21a5147-a3e6-45bd-842c-6bee89552504.wav,0.12745165824890137,inf,nan,27.51325366073963
d24add11-a9d6-4583-9f03-eedab99eaa7a.wav,0.1273646354675293,inf,nan,25.061479061549967
d262b7b5-5b79-4743-95a8-cefe85c06eab.wav,0.12681102752685547,inf,nan,20.50014296946751
d2fae317-4f64-4ee0-ba3b-ea2ff966ca50.wav,0.1276383399963379,inf,nan,35.47900890014327
d30c7d18-03e5-4851-a0ea-493d0ad5d877.wav,0.12688326835632324,inf,nan,29.582842850723615
d3a3ed97-626d-49c4-a253-b6e4ed73f260.wav,0.1274099349975586,inf,nan,22.220930933797646
d3f365c9-b89d-4834-86b6-e9aa34e85e0c.wav,0.1268901824951172,inf,nan,22.162938568654962
d405f220-d24b-4332-9023-382c149531bd.wav,0.12663531303405762,inf,nan,8.077339358958513
d40b3d0a-21fd-42a8-a0bd-a38a431e9401.wav,0.1328873634338379,inf,nan,11.237632588894577
d449b8dc-abf8-426a-af77-8ad6b5d951be.wav,0.1213843822479248,inf,nan,31.421778550222864
d46140f2-956a-44cf-b95c-f5f0677313ae.wav,0.12749052047729492,inf,nan,23.54709598699891
d4ab6765-2ada-45f7-9643-bdaa24778760.wav,0.1279299259185791,inf,15.491798514875496,nan
d4aea7c5-1d06-4cba-a103-08eded565e11.wav,0.12787175178527832,inf,nan,22.623852995959965
d4de6a31-36bf-41b5-bd36-3495c78f25b1.wav,0.12755894660949707,inf,nan,14.064910143304681
d5080a60-fd1c-4e4b-82ba-17efe58d4c81.wav,0.12692642211914062,inf,nan,8.69642169596393
d543cebf-3aa4-4f81-810c-0869a84b9899.wav,0.12678742408752441,inf,nan,41.79441803156836
d5e6ffdb-4e40-4904-8e5c-2cbd136e1aa2.wav,0.12739968299865723,inf,nan,10.091299110036624
d6228ff4-61a4-4b70-af06-1ebc8d209aba.wav,0.12733054161071777,inf,11.656416719027234,nan
d637914e-b564-4f17-9df9-79b66125e0e3.wav,0.14273691177368164,inf,nan,20.414589791951457
d657634f-4d93-410c-8a95-52e2da100a72.wav,0.12712597846984863,inf,nan,12.222824207712199
d66445a3-fc1f-479f-a4af-122b78080f76.wav,0.1269989013671875,inf,nan,15.599215279035494
d68a7404-d436-4b22-b522-93ff403c6ece.wav,0.12732577323913574,inf,nan,26.522391671351716
d68cbb41-c533-425c-9dc1-5a3f1cdc63e4.wav,0.1368567943572998,inf,nan,8.956795069465933
d6a746c8-d5dd-491b-b6ef-76c783fd02e0.wav,0.13358545303344727,inf,nan,8.734446669277514
d6bc40d5-32ba-4c28-bcd5-3542ff9445b4.wav,0.12811684608459473,inf,nan,31.80365703713841
d6c94651-3e56-4126-8a25-c76b0742203c.wav,0.12717723846435547,inf,nan,29.31649471996337
d6df50ca-53b3-4351-840c-cd654a81cdea.wav,0.12760376930236816,inf,nan,16.12340238394228
d7a4237e-b910-4961-a038-9e54cb0acb8b.wav,0.12730932235717773,inf,nan,12.214637454892651
d7bbee10-0906-45dc-acb0-4373d9450054.wav,0.1282663345336914,inf,nan,25.99960236351152
d7cedfb3-8eba-4b53-b453-7c9e22584dec.wav,0.12866711616516113,inf,nan,23.094781178603036
d810d805-6924-4c5d-a38c-179214bd1e6a.wav,0.13440775871276855,inf,nan,22.080619783231075
d8149feb-7159-4c5a-8bc2-881fbb185b97.wav,0.12700819969177246,inf,nan,22.610843820844515
d850634a-220c-4f1f-a4b2-2f3c494b714c.wav,0.12665605545043945,inf,nan,5.0799695075998414
d94b22d0-1a8b-40b0-ac37-0995d884da0d.wav,0.1273512840270996,inf,8.885873775474009,nan
d9a6fb80-d455-4efc-b4ca-7c3c02edac75.wav,0.1270914077758789,inf,nan,20.77923590326548
da6c3a3b-db48-4c13-884c-3f33f5d2b964.wav,0.12767839431762695,inf,nan,11.715463118268454
daa68cb2-b5bd-42e2-a3a2-3bde258a3406.wav,0.1308002471923828,inf,11.147978294775768,nan
daab98b7-f874-4a9b-9a82-1458d2e1386b.wav,0.12372398376464844,inf,5.016275107565255,nan
dab03e8b-a025-43bd-af70-51b221ff41c0.wav,0.12728428840637207,inf,nan,6.965835572301653
db1a562f-d9ca-433a-9375-4203ee149d3e.wav,0.1268019676208496,inf,8.033132424889128,nan
db4ab826-4c10-4dac-8404-f7925e2afbb2.wav,0.12742996215820312,inf,nan,7.459477869353164
db4e15f9-8026-49bc-a868-87f4c847d87d.wav,0.12697887420654297,inf,nan,16.4234360709391
dcc8d8de-081e-4d2a-a713-875a3e794de3.wav,0.12843799591064453,inf,nan,17.110355385119053
dd615d4f-50d1-4f4a-985b-109765a6c673.wav,0.14366412162780762,inf,nan,21.589036709205395
ddc6ec5c-8c6c-41ab-8bdb-e54930f84b0a.wav,0.12637543678283691,inf,nan,34.24795394704036
ddc882cb-a7f8-4080-91d5-c7a9157de158.wav,0.11084890365600586,inf,nan,9.225401972301517
ddedbafa-5bc9-4a93-8a46-ff8eeddaa65c.wav,0.1276693344116211,inf,nan,7.804663100210389
ddfc0897-f917-47b6-b998-61b49f1eec6a.wav,0.14452123641967773,inf,10.5860388792512,nan
de69f7b5-f9e2-4ef7-a5e7-d3a4f9aabce0.wav,0.12691688537597656,inf,17.209190932750055,nan
de70c8b0-f434-4797-9a04-813702e9bfe9.wav,0.12662005424499512,inf,nan,15.66024706792941
deaec89a-aa07-4f8a-a017-89443c488ef0.wav,0.1345231533050537,inf,nan,13.934858437104198
debdca70-52be-4fcb-9bfe-41cf69d2bc04.wav,0.11985921859741211,inf,nan,17.707328785558595
def6eca8-d782-4fd2-9ebe-2e523dc0de7c.wav,0.1279296875,inf,nan,22.309268462240055
df31b6c3-714a-4c1d-8c11-1c68838540b0.wav,0.12726211547851562,inf,nan,27.104249050029196
df3cd597-4c4f-43ab-86ac-411a7542724d.wav,0.14315390586853027,inf,nan,6.212056645663591
dfbf78d9-16c4-46a4-9b10-460621f5f7e5.wav,0.12681174278259277,inf,nan,4.193106109000143
dfe7bdab-2972-4ce6-a544-31342e1461ee.wav,0.12685918807983398,inf,nan,21.495604246816722
e03b7ff5-569a-4b3f-a7db-f4a7188718fc.wav,0.12868475914001465,inf,nan,6.121925904599705
e1ef09f7-f8c6-4b73-8c5c-e39fc26fce4e.wav,0.12548565864562988,inf,nan,34.7745905612401
e2346160-fb7c-4dbc-a6ed-5835fd1b098c.wav,0.12704682350158691,inf,nan,1.0506310387145696
e2392314-b31d-45f5-8198-835cb1f97746.wav,0.14253592491149902,inf,nan,12.28483388494339
e2445f04-1c49-4e5c-aa23-c67c6439f14d.wav,0.1265850067138672,inf,nan,7.851168823651767
e32ab322-a34e-4348-ac9a-005861378f5d.wav,0.126265287399292,inf,nan,32.10555116705628
e350d041-d471-4347-aa47-9c2573daeb0f.wav,0.1267855167388916,inf,9.113484413190369,nan
e364ea05-d2b7-488c-a87c-3aaebff65416.wav,0.12760281562805176,inf,11.063098183131164,nan
e4409881-5c55-40aa-9849-3f29c1484880.wav,0.12764930725097656,inf,19.60875677367699,nan
e48befb9-a32a-4bcc-af7a-2cd62d76888c.wav,0.11193323135375977,inf,nan,26.568266401782726
e4903585-b2b2-422f-a028-c9f5c2b31f16.wav,0.14270329475402832,inf,-2.9583416525428454,nan
e4fe5ed6-60ce-402f-b799-185782f11bf4.wav,0.11653852462768555,inf,nan,24.760567881020226
e5b9863d-75fa-464c-8774-e733b769639f.wav,0.12990784645080566,inf,nan,6.555538022564168
e7243599-0fea-4442-9724-17d4dddb375f.wav,0.12705039978027344,inf,nan,26.070974268657434
e79302e4-7e71-4769-a927-2e6976442f55.wav,0.12693428993225098,inf,nan,4.114972727342066
e7ac9464-2da1-4037-b5cf-dfa58f891262.wav,0.1269533634185791,inf,nan,15.579225162690161
e9414ff3-ca93-45f9-a360-84cfdb414272.wav,0.13122844696044922,inf,nan,16.177849083634126
e97a68d2-5d2a-471f-bd22-a3fb8537c32d.wav,0.12402749061584473,inf,nan,7.694272275241031
e9ceeddd-b7e3-4d0f-a770-33886b99757b.wav,0.13487577438354492,inf,nan,19.04053562478247
e9fc3234-82d1-47a4-8a51-a5497769f14b.wav,0.13562464714050293,inf,10.315672341542852,nan
ea1348d5-fb1f-4416-83ca-e229ddc738cb.wav,0.12759828567504883,inf,nan,20.42381146843483
ea77a0a0-6149-4992-bc7b-eab537a31aef.wav,0.1268150806427002,inf,nan,22.915345241371188
eae04418-82da-40a0-89ba-ffd44b975295.wav,0.12603974342346191,inf,nan,12.4470647091073
eb0394bb-612f-4a6a-b3a9-dcf2002750ca.wav,0.12831926345825195,inf,nan,14.417743364167778
eb349384-55c1-4ab2-9a55-30e2acc86167.wav,0.12663626670837402,inf,nan,17.459911011398916
ebbff300-a2bb-4b43-bbab-18a17049a09d.wav,0.12981200218200684,inf,nan,18.485667942611972
ebd7611e-a8c0-4c9a-a810-cd9ad6f75432.wav,0.12458300590515137,inf,nan,26.579850324580434
ec3e1856-6910-4180-aaa4-6bb5365300a3.wav,0.12749099731445312,inf,nan,28.091689865983728
ec42a4a9-644b-4612-ace4-87dabff1196d.wav,0.11154556274414062,inf,nan,15.986683968772658
ec6f4824-6567-4600-a910-547c31f292dd.wav,0.13630342483520508,inf,nan,21.089842214069332
ed27ab15-7e60-4151-bd2c-380f376b9a75.wav,0.13473868370056152,inf,nan,11.659435185563177
ed6f33b5-8a75-4b1c-8651-9101eb077176.wav,0.11191153526306152,inf,nan,16.685636730217535
edaf84eb-3dc4-42f9-a77c-3ea691b66c1e.wav,0.1268155574798584,inf,nan,17.752921482652603
edce7f7e-2e3e-4ce8-9e22-4fd668b0015f.wav,0.12616515159606934,inf,6.485817856684514,nan
edd30b02-6f83-44a2-86c7-15df4c83cd0e.wav,0.12751173973083496,inf,nan,11.453046387222907
eeb713ca-4b07-4895-8824-f2a182cfbc0b.wav,0.12714767456054688,inf,nan,18.244947149092724
eee9bdc4-317b-43a6-aa96-9cb2e2912bd1.wav,0.1303119659423828,inf,nan,20.309473519380507
ef575387-3ce3-48fe-9002-4c9432e91503.wav,0.12376761436462402,inf,nan,2.323438912700073
efa9d79b-c7cc-464f-a499-ed010b6edfe4.wav,0.12696146965026855,inf,nan,24.124307162185236
efe740cd-f2cc-4244-b17c-9eb8102e583f.wav,0.12715816497802734,inf,nan,17.118721233576288
eff381aa-1187-4d22-a10f-d59204d1e5cf.wav,0.12688541412353516,inf,nan,6.607478068663517
f0029013-a7b0-4c83-ab88-e7ff14f7728f.wav,0.12731719017028809,inf,nan,21.16703546995206
f1461d76-1c5b-4ceb-998a-c81a74ef0317.wav,0.12723302841186523,inf,nan,6.972283357218875
f1b1fc43-c4b1-403f-a8f3-25e0ec5f0093.wav,0.1279430389404297,inf,12.88937263720975,nan
f1cd1d8f-bdc2-4a1d-bb5b-3595ec70185d.wav,0.1269817352294922,inf,nan,5.764735706133755
f309328e-84bd-48ff-a324-230d14e0f928.wav,0.1277773380279541,inf,nan,22.363782889144336
f30afd56-4ff8-47c3-893f-dfd448035c0f.wav,0.15291452407836914,inf,nan,15.474682758127596
f41b2956-e346-44c8-b28c-0db5c678d633.wav,0.13902020454406738,inf,nan,10.198436401789037
f49e8460-52d7-44da-a876-fc9cbc4b3033.wav,0.1176154613494873,inf,nan,25.705036250535766
f5404fd5-4af5-4fee-b56e-19d3e66cbcc5.wav,0.16065454483032227,inf,nan,15.437280722601043
f567ddab-9f82-4e03-88b9-2a8af1dbcfde.wav,0.15926265716552734,inf,nan,8.483100080366942
f5807fdb-98c1-4203-9742-c3a975b77ce6.wav,0.14180660247802734,inf,nan,12.722325651530108
f5bed109-d390-47d8-ad66-f850d84e9e8f.wav,0.13042998313903809,inf,nan,19.560001486730183
f654945a-df35-44ed-aa41-47bc44a361a7.wav,0.1322782039642334,inf,nan,16.579672953725524
f6bbd852-d3aa-49f2-8af5-dc7020910347.wav,0.1268770694732666,inf,nan,25.30733501895054
f751f663-c9c7-4fd0-a65c-2b6c8d64ed2a.wav,0.17167949676513672,inf,nan,13.359992718905385
f76bcbb8-2f34-4793-a02b-b73e7003d041.wav,0.15934157371520996,inf,nan,4.574237258033626
f797ea2b-5b64-41a3-9c56-e994d4cf0674.wav,0.1649782657623291,inf,nan,12.181022023547657
f7e7bb02-eb0c-4945-a355-15813447c5cb.wav,0.1378777027130127,inf,nan,21.149147993839797
f7ed21f1-f9be-4940-8203-4516d53f385d.wav,0.14788818359375,inf,nan,20.64710906891211
f869926f-bb4b-4420-9ae0-5eab4a714eb0.wav,0.1340484619140625,inf,nan,22.51953655831075
f882c900-4608-465d-b9db-24a9cdc3b1c0.wav,0.15383052825927734,inf,nan,13.56010120476197
f8b28d7c-4d7d-4326-984d-4edb95e6412b.wav,0.1745600700378418,inf,nan,16.0456425735808
f920dc45-1cd5-4dd8-9f34-ed20faaabf71.wav,0.1562519073486328,inf,nan,28.816473206802538
f96241b4-c32e-4cc3-a522-b42533aa5b99.wav,0.17403411865234375,inf,nan,26.8792762572768
f9d5e7e0-c804-47e3-9221-77c49c714ccb.wav,0.15246200561523438,inf,nan,13.537698973922643
fa1f953c-fed1-4d6f-b889-c053a26968dc.wav,0.15286660194396973,inf,nan,14.041569802235982
fa2c5efb-cc0d-4292-ab99-91d345cf17d9.wav,0.1602463722229004,inf,9.107481195649935,nan
fa9217f9-54aa-405b-b15f-7ad24b69fe09.wav,0.1400918960571289,inf,nan,21.795491741658896
fb1c5539-8ccb-462c-aef5-21178d31aab7.wav,0.14362287521362305,inf,nan,27.180642659325734
fb93325d-52cd-4ea5-a769-9fb09717b4db.wav,0.1392676830291748,inf,nan,27.583256518433434
fcee4d27-4f44-41f7-a7bd-4fe2bda636b0.wav,0.14229035377502441,inf,nan,14.134476493282733
fd4a6298-5411-42b9-ab2a-8dbc26258036.wav,0.13547110557556152,inf,nan,22.901167237858132
fd683360-e024-4c66-ac71-97fbf6989dfc.wav,0.14606881141662598,inf,nan,5.212291318107847
fd8f60dc-a9bf-48b6-b506-d4a1bdaf3321.wav,0.14525175094604492,inf,nan,18.785721084927367
fd979802-467f-4efb-8bb1-cd72345fbdb0.wav,0.15322661399841309,inf,nan,20.436364059912947
fdd21dfb-bb59-4f21-a5a2-016b6c80403d.wav,0.14543581008911133,inf,nan,21.40393373030235
fe52c559-1454-40d4-ad56-6f5e1d0af2d4.wav,0.1444864273071289,inf,nan,20.23306871880033
fea48b69-ccde-439e-9e7c-f06c72832c52.wav,0.15506196022033691,inf,nan,19.98534025805249
feb70e8b-cf42-4c8b-ab9b-121e78998876.wav,0.1427478790283203,inf,nan,nan
fed3722d-a841-4606-a2aa-786347851c43.wav,0.1454315185546875,inf,nan,14.763456426573242
fefade45-a947-43b3-8b55-578b1c7c74ed.wav,0.13553619384765625,inf,8.324277271771136,nan
ff07d2c2-51a1-49ec-85ab-80df95461ce5.wav,0.17679882049560547,inf,nan,16.718263191175353
ff8b34c6-6b6c-4f74-957c-299954a1b247.wav,0.1693105697631836,inf,nan,21.411010401043285
ff970660-0ffd-461f-93de-379e95cd784a.wav,0.1574404239654541,inf,nan,13.527704690443802
ffb6837e-be2b-474f-bdd0-3c9cd631f39d.wav,0.15599370002746582,inf,nan,19.835549955494052
